{"stat.useItem.minecraft.bow":20,"stat.walkOneCm":19936,"stat.leaveGame":2,"stat.jump":20,"stat.pickup.minecraft.porkchop":2,"stat.crouchOneCm":39,"stat.pickup.minecraft.dirt":2,"stat.sprintOneCm":869,"stat.damageTaken":60,"stat.mobKills":11,"stat.flyOneCm":1979,"stat.playOneMinute":3946,"stat.killEntity.Sheep":9,"stat.sneakTime":20,"stat.pickup.minecraft.wool":1,"stat.damageDealt":250,"stat.killEntity.Zombie":1,"stat.timeSinceDeath":3946,"stat.mineBlock.minecraft.dirt":2,"stat.killEntity.Pig":1,"stat.mineBlock.minecraft.tallgrass":1,"stat.pickup.minecraft.mutton":1}